SQL> SELECT * FROM PROFESOR
  2  ;

       DNI P                                                                    
---------- ------------------------------------------------------------         
       CAR CAT                                                                  
---------- -----                                                                
      1111 JUAN                                                                 
         6 CU                                                                   
                                                                                
      2222 CARLOS                                                               
         7 TU                                                                   
                                                                                
      3333 PEDRO                                                                
         4 TEU                                                                  
                                                                                

       DNI P                                                                    
---------- ------------------------------------------------------------         
       CAR CAT                                                                  
---------- -----                                                                
      4444 MARIA                                                                
         7 TU                                                                   
                                                                                
      5555 IVAN                                                                 
         1 CEU                                                                  
                                                                                
      6666 CARMEN                                                               
         3 CD                                                                   
                                                                                

       DNI P                                                                    
---------- ------------------------------------------------------------         
       CAR CAT                                                                  
---------- -----                                                                
      7777 MARIO                                                                
         2 TU                                                                   
                                                                                
      8888 FRANCISCO                                                            
         5 TU                                                                   
                                                                                
      9999 ANGELA                                                               
         8 TEU                                                                  
                                                                                

       DNI P                                                                    
---------- ------------------------------------------------------------         
       CAR CAT                                                                  
---------- -----                                                                
      1010 DAVID                                                                
         4 TU                                                                   
                                                                                
      2020 SOLEDAD                                                              
         7 CU                                                                   
                                                                                
      3030 JOSE MANUEL                                                          
         6 TEU                                                                  
                                                                                

12 rows selected.

SQL> INSERT INTO PROFESOR
  2  VALUES(4040,'CARMELO',7,TU);
VALUES(4040,'CARMELO',7,TU)
                        *
ERROR at line 2:
ORA-00984: column not allowed here 


SQL> INSERT INTO PROFESOR
  2  VALUES(4040,'CARMELO',7,'TU');

1 row created.

SQL> SELECT * FROM PROFESOR;

       DNI P                                                                    
---------- ------------------------------------------------------------         
       CAR CAT                                                                  
---------- -----                                                                
      4040 CARMELO                                                              
         7 TU                                                                   
                                                                                
      1111 JUAN                                                                 
         6 CU                                                                   
                                                                                
      2222 CARLOS                                                               
         7 TU                                                                   
                                                                                

       DNI P                                                                    
---------- ------------------------------------------------------------         
       CAR CAT                                                                  
---------- -----                                                                
      3333 PEDRO                                                                
         4 TEU                                                                  
                                                                                
      4444 MARIA                                                                
         7 TU                                                                   
                                                                                
      5555 IVAN                                                                 
         1 CEU                                                                  
                                                                                

       DNI P                                                                    
---------- ------------------------------------------------------------         
       CAR CAT                                                                  
---------- -----                                                                
      6666 CARMEN                                                               
         3 CD                                                                   
                                                                                
      7777 MARIO                                                                
         2 TU                                                                   
                                                                                
      8888 FRANCISCO                                                            
         5 TU                                                                   
                                                                                

       DNI P                                                                    
---------- ------------------------------------------------------------         
       CAR CAT                                                                  
---------- -----                                                                
      9999 ANGELA                                                               
         8 TEU                                                                  
                                                                                
      1010 DAVID                                                                
         4 TU                                                                   
                                                                                
      2020 SOLEDAD                                                              
         7 CU                                                                   
                                                                                

       DNI P                                                                    
---------- ------------------------------------------------------------         
       CAR CAT                                                                  
---------- -----                                                                
      3030 JOSE MANUEL                                                          
         6 TEU                                                                  
                                                                                

13 rows selected.

SQL> ROLLBACK WORK;

Rollback complete.

SQL> SELECT * FROM PROFESOR;

       DNI P                                                                    
---------- ------------------------------------------------------------         
       CAR CAT                                                                  
---------- -----                                                                
      1111 JUAN                                                                 
         6 CU                                                                   
                                                                                
      2222 CARLOS                                                               
         7 TU                                                                   
                                                                                
      3333 PEDRO                                                                
         4 TEU                                                                  
                                                                                

       DNI P                                                                    
---------- ------------------------------------------------------------         
       CAR CAT                                                                  
---------- -----                                                                
      4444 MARIA                                                                
         7 TU                                                                   
                                                                                
      5555 IVAN                                                                 
         1 CEU                                                                  
                                                                                
      6666 CARMEN                                                               
         3 CD                                                                   
                                                                                

       DNI P                                                                    
---------- ------------------------------------------------------------         
       CAR CAT                                                                  
---------- -----                                                                
      7777 MARIO                                                                
         2 TU                                                                   
                                                                                
      8888 FRANCISCO                                                            
         5 TU                                                                   
                                                                                
      9999 ANGELA                                                               
         8 TEU                                                                  
                                                                                

       DNI P                                                                    
---------- ------------------------------------------------------------         
       CAR CAT                                                                  
---------- -----                                                                
      1010 DAVID                                                                
         4 TU                                                                   
                                                                                
      2020 SOLEDAD                                                              
         7 CU                                                                   
                                                                                
      3030 JOSE MANUEL                                                          
         6 TEU                                                                  
                                                                                

12 rows selected.

SQL> INSERT INTO PROFESOR
  2  VALUES(4040,'CARMELO',7,'TU');

1 row created.

SQL> COMMIT WORK
  2  ;

Commit complete.

SQL> INSERT INTO PROFESOR
  2  VALUES(5050,'CARINA',9,'CEU');
INSERT INTO PROFESOR
*
ERROR at line 1:
ORA-02291: integrity constraint (ALU0100981391.SYS_C0072308) violated - parent 
key not found 


SQL> INSERT INTO PROFESOR
  2  VALUES(5050,'CARINA',8,'CEU');

1 row created.

SQL> SELECT * FROM PROFESOR;

       DNI P                                                                    
---------- ------------------------------------------------------------         
       CAR CAT                                                                  
---------- -----                                                                
      4040 CARMELO                                                              
         7 TU                                                                   
                                                                                
      5050 CARINA                                                               
         8 CEU                                                                  
                                                                                
      1111 JUAN                                                                 
         6 CU                                                                   
                                                                                

       DNI P                                                                    
---------- ------------------------------------------------------------         
       CAR CAT                                                                  
---------- -----                                                                
      2222 CARLOS                                                               
         7 TU                                                                   
                                                                                
      3333 PEDRO                                                                
         4 TEU                                                                  
                                                                                
      4444 MARIA                                                                
         7 TU                                                                   
                                                                                

       DNI P                                                                    
---------- ------------------------------------------------------------         
       CAR CAT                                                                  
---------- -----                                                                
      5555 IVAN                                                                 
         1 CEU                                                                  
                                                                                
      6666 CARMEN                                                               
         3 CD                                                                   
                                                                                
      7777 MARIO                                                                
         2 TU                                                                   
                                                                                

       DNI P                                                                    
---------- ------------------------------------------------------------         
       CAR CAT                                                                  
---------- -----                                                                
      8888 FRANCISCO                                                            
         5 TU                                                                   
                                                                                
      9999 ANGELA                                                               
         8 TEU                                                                  
                                                                                
      1010 DAVID                                                                
         4 TU                                                                   
                                                                                

       DNI P                                                                    
---------- ------------------------------------------------------------         
       CAR CAT                                                                  
---------- -----                                                                
      2020 SOLEDAD                                                              
         7 CU                                                                   
                                                                                
      3030 JOSE MANUEL                                                          
         6 TEU                                                                  
                                                                                

14 rows selected.

SQL> COMMIT WORK
  2  ;

Commit complete.

SQL> COMMIT WORK
  2  ;

Commit complete.

SQL> EXIT
